uo_cod;uo_desc;sigla;poder
1011;ASSEMBLEIA LEGISLATIVA DO ESTADO DE MINAS GERAIS - ALMG;ALMG;Poder Legislativo
1021;TRIBUNAL DE CONTAS DO ESTADO DE MINAS GERAIS - TCEMG;TCEMG;Tribunal de Contas
1031;TRIBUNAL DE JUSTIÇA DO ESTADO DE MINAS GERAIS - TJMG;TJMG;Poder Judiciário
1051;TRIBUNAL DE JUSTIÇA MILITAR DO ESTADO DE MINAS GERAIS - TJMMG;TJMMG;Poder Judiciário
1071;GABINETE MILITAR DO GOVERNADOR DO ESTADO DE MINAS GERAIS - GABINETE MILITAR;GABINETE MILITAR;Poder Executivo
1081;ADVOCACIA GERAL DO ESTADO - AGE;AGE;Poder Executivo
1091;PROCURADORIA GERAL DE JUSTIÇA - PGJ;PGJ;Ministério Público
1101;OUVIDORIA-GERAL DO ESTADO DE MINAS GERAIS - OGE;OGE;Poder Executivo
1191;SECRETARIA DE ESTADO DE FAZENDA - SEF;SEF;Poder Executivo
1221;SECRETARIA DE ESTADO DE DESENVOLVIMENTO ECONÔMICO - SEDE;SEDE;Poder Executivo
1231;SECRETARIA DE ESTADO DE AGRICULTURA, PECUÁRIA E ABASTECIMENTO - SEAPA;SEAPA;Poder Executivo
1251;POLÍCIA MILITAR DO ESTADO DE MINAS GERAIS - PMMG;PMMG;Poder Executivo
1261;SECRETARIA DE ESTADO DE EDUCAÇÃO - SEE;SEE;Poder Executivo
1271;SECRETARIA DE ESTADO DE CULTURA E TURISMO - SECULT;SECULT;Poder Executivo
1301;SECRETARIA DE ESTADO DE INFRAESTRUTURA, MOBILIDADE E PARCERIAS - SEINFRA;SEINFRA;Poder Executivo
1371;SECRETARIA DE ESTADO DE MEIO AMBIENTE E DESENVOLVIMENTO SUSTENTÁVEL - SEMAD;SEMAD;Poder Executivo
1401;CORPO DE BOMBEIROS MILITAR DO ESTADO DE MINAS GERAIS - CBMMG;CBMMG;Poder Executivo
1441;DEFENSORIA PUBLICA DO ESTADO DE MINAS GERAIS - DEF PUB;DEF PUB;Defensoria Pública
1451;SECRETARIA DE ESTADO DE JUSTIÇA E SEGURANÇA PÚBLICA - SEJUSP;SEJUSP;Poder Executivo
1481;SECRETARIA DE ESTADO DE DESENVOLVIMENTO SOCIAL - SEDESE;SEDESE;Poder Executivo
1491;SECRETARIA DE ESTADO DE GOVERNO - SEGOV;SEGOV;Poder Executivo
1501;SECRETARIA DE ESTADO DE PLANEJAMENTO E GESTÃO - SEPLAG;SEPLAG;Poder Executivo
1511;POLÍCIA CIVIL DO ESTADO DE MINAS GERAIS - PCMG;PCMG;Poder Executivo
1521;CONTROLADORIA-GERAL DO ESTADO - CGE;CGE;Poder Executivo
1541;ESCOLA DE SAÚDE PÚBLICA DO ESTADO DE MINAS GERAIS - ESP MG;ESP MG;Poder Executivo
1631;SECRETARIA-GERAL - SEC. GERAL;SEC. GERAL;Poder Executivo
1711;SECRETARIA DE ESTADO DE COMUNICAÇÃO SOCIAL - SECOM;SECOM;Poder Executivo
1721;SECRETARIA DE ESTADO DA CASA CIVIL - SCC;SCC;Poder Executivo
1911;EGE SEC.FAZENDA-ENCARGOS DIVERSOS - EGE - SEF;SEF;Poder Executivo
1915;PARTICIPAÇÃO NO AUMENTO DO CAPITAL SOCIAL DE EMPRESAS - PARTICIPAÇÃO EMPRESAS;PARTICIPAÇÃO EMPRESAS;Poder Executivo
1916;GESTÃO DA DÍVIDA PÚBLICA ESTADUAL - GDPE - SEF;SEF;Poder Executivo
1941;EGE-SECRETARIA DE ESTADO DE PLANEJAMENTO E GESTÃO - EGE-SEPLAG;EGE-SEPLAG;Poder Executivo
1951;ENCARGOS GERAIS DO ESTADO - INSTRUMENTOS DE ENTRADA DE RECURSOS - EGE - CASA CIVIL;CASA CIVIL;Poder Executivo
1991;RESERVA DE CONTINGÊNCIA - RC;RC;Reserva de Contingência
2011;INSTITUTO DE PREVIDÊNCIA DOS SERVIDORES DO ESTADO DE MINAS GERAIS - IPSEMG;IPSEMG;Poder Executivo
2041;LOTERIA DO ESTADO DE MINAS GERAIS - LEMG;LEMG;Poder Executivo
2061;FUNDAÇÃO JOÃO PINHEIRO - FJP;FJP;Poder Executivo
2071;FUNDAÇÃO DE AMPARO À PESQUISA DO ESTADO DE MINAS GERAIS - FAPEMIG;FAPEMIG;Poder Executivo
2091;FUNDAÇÃO ESTADUAL DO MEIO AMBIENTE - FEAM;FEAM;Poder Executivo
2101;INSTITUTO ESTADUAL DE FLORESTAS - IEF;IEF;Poder Executivo
2121;INSTITUTO DE PREVIDÊNCIA DOS SERVIDORES MILITARES DO ESTADO DE MINAS GERAIS - IPSM;IPSM;Poder Executivo
2151;FUNDAÇÃO HELENA ANTIPOFF - FHA;FHA;Poder Executivo
2161;FUNDAÇÃO EDUCACIONAL CAIO MARTINS - FUCAM;FUCAM;Poder Executivo
2171;FUNDAÇÃO DE ARTE DE OURO PRETO - FAOP;FAOP;Poder Executivo
2181;FUNDAÇÃO CLÓVIS SALGADO - FCS;FCS;Poder Executivo
2201;INSTITUTO ESTADUAL DO PATRIMÔNIO HISTÓRICO E ARTÍSTICO DE MINAS GERAIS - IEPHA;IEPHA;Poder Executivo
2211;FUNDAÇÃO TV MINAS CULTURAL E EDUCATIVA - TV MINAS;TV MINAS;Poder Executivo
2241;INSTITUTO MINEIRO DE GESTÃO DAS ÁGUAS - IGAM;IGAM;Poder Executivo
2251;JUNTA COMERCIAL DO ESTADO DE MINAS GERAIS - JUCEMG;JUCEMG;Poder Executivo
2261;FUNDAÇÃO EZEQUIEL DIAS - FUNED;FUNED;Poder Executivo
2271;FUNDAÇÃO HOSPITALAR DO ESTADO DE MINAS GERAIS - FHEMIG;FHEMIG;Poder Executivo
2281;FUNDAÇÃO DE EDUCAÇÃO PARA O TRABALHO DE MINAS GERAIS - UTRAMIG;UTRAMIG;Poder Executivo
2301;DEPARTAMENTO DE ESTRADAS DE RODAGEM DO ESTADO DE MINAS GERAIS - DER-MG;DER-MG;Poder Executivo
2311;UNIVERSIDADE ESTADUAL DE MONTES CLAROS - UNIMONTES;UNIMONTES;Poder Executivo
2321;FUNDAÇÃO CENTRO DE HEMATOLOGIA E HEMOTERAPIA DE MINAS GERAIS - HEMOMINAS;HEMOMINAS;Poder Executivo
2331;INSTITUTO DE METROLOGIA E QUALIDADE DO ESTADO DE MINAS GERAIS - IPEMMG;IPEMMG;Poder Executivo
2351;UNIVERSIDADE DO ESTADO DE MINAS GERAIS - UEMG;UEMG;Poder Executivo
2361;INSTITUTO DE PREVIDÊNCIA DO LEGISLATIVO DO ESTADO DE MINAS GERAIS - IPLEMG;IPLEMG;Poder Legislativo
2371;INSTITUTO MINEIRO DE AGROPECUÁRIA - IMA;IMA;Poder Executivo
2421;INSTITUTO DE DESENVOLVIMENTO DO NORTE E NORDESTE DE MINAS GERAIS - IDENE;IDENE;Poder Executivo
2431;AGÊNCIA DE DESENVOLVIMENTO DA REGIÃO METROPOLITANA DE BELO HORIZONTE - AGÊNCIA RMBH;AGÊNCIA RMBH;Poder Executivo
2441;AGÊNCIA REGULADORA DE SERVIÇOS DE ABASTECIMENTO DE ÁGUA E DE ESGOTAMENTO SANITÁRIO DO ESTADO DE MINAS GERAIS - ARSAE -MG;ARSAE -MG;Poder Executivo
2461;AGÊNCIA DE DESENVOLVIMENTO DA REGIÃO METROPOLITANA DO VALE DO AÇO - ARMVA;ARMVA;Poder Executivo
3041;EMPRESA DE ASSISTÊNCIA TÉCNICA E EXTENSÃO RURAL DO ESTADO DE MINAS GERAIS - EMATER;EMATER;Poder Executivo
3051;EMPRESA DE PESQUISA AGROPECUÁRIA DE MINAS GERAIS - EPAMIG;EPAMIG;Poder Executivo
3151;EMPRESA MINEIRA DE COMUNICAÇÃO - EMC;EMC;Poder Executivo
4031;FUNDO ESPECIAL DO PODER JUDICIÁRIO DO ESTADO DE MINAS GERAIS - FEPJ;FEPJ;Poder Judiciário
4091;FUNDO PARA A INFÂNCIA E A ADOLESCÊNCIA - FIA;FIA;Poder Executivo
4101;FUNDO ESTADUAL DE HABITAÇÃO - FEH;FEH;Poder Executivo
4111;FUNDO DE FOMENTO E DESENVOLVIMENTO SOCIOECONÔMICO DO ESTADO DE MINAS GERAIS - FUNDESE;FUNDESE;Poder Executivo
4121;FUNDO DE APOIO HABITACIONAL DA ASSEMBLEIA LEGISLATIVA DE MINAS GERAIS - FUNDHAB;FUNDHAB;Poder Legislativo
4141;FUNDO PENITENCIÁRIO ESTADUAL - FPE;FPE;Poder Executivo
4151;FUNDO DE ASSISTÊNCIA AO TURISMO - FASTUR;FASTUR;Poder Executivo
4251;FUNDO ESTADUAL DE ASSISTÊNCIA SOCIAL - FEAS;FEAS;Poder Executivo
4291;FUNDO ESTADUAL DE SAÚDE - FES;FES;Poder Executivo
4321;FUNDO ESTADUAL DE PREVENÇÃO, FISCALIZAÇÃO E REPRESSÃO DE ENTORPECENTES - FUNPREN;FUNPREN;Poder Executivo
4331;FUNDO DE DESENVOLVIMENTO METROPOLITANO - FDM;FDM;Poder Executivo
4341;FUNDO DE RECUPERAÇÃO, PROTEÇÃO E DESENVOLVIMENTO SUSTENTÁVEL DAS BACIAS HIDROGRÁFICAS DO ESTADO DE MINAS GERAIS - FHIDRO;FHIDRO;Poder Executivo
4381;FUNDO ESTADUAL DE DESENVOLVIMENTO DE TRANSPORTES - FUNTRANS;FUNTRANS;Poder Executivo
4421;FUNDO ESTADUAL DE DEFESA DE DIREITOS DIFUSOS - FUNDIF;FUNDIF;Poder Executivo
4441;FUNDO ESPECIAL DO MINISTÉRIO PÚBLICO DO ESTADO DE MINAS GERAIS - FUNEMP;FUNEMP;Ministério Público
4451;FUNDO ESTADUAL DE PROTEÇÃO E DEFESA DO CONSUMIDOR - FEPDC;FEPDC;Ministério Público
4491;FUNDO ESTADUAL DE CULTURA - FEC;FEC;Poder Executivo
4541;FUNDO DE APOIO HABITACIONAL AOS MILITARES DO ESTADO DE MINAS GERAIS - FAHMEMG;FAHMEMG;Poder Executivo
4551;FUNDO DE ASSISTÊNCIA AO PECÚLIO DOS SERVIDORES DO ESTADO DE MINAS GERAIS - FUNAPEC;FUNAPEC;Poder Executivo
4601;FUNDO ESTADUAL DOS DIREITOS DO IDOSO - FEI;FEI;Poder Executivo
4611;FUNDO DO TRIBUNAL DE CONTAS DO ESTADO DE MINAS GERAIS - FUNCONTAS;FUNCONTAS;Tribunal de Contas
4621;FUNDO DE INVESTIMENTO DO ESTADO DE MINAS GERAIS - MG INVESTE;MG INVESTE;Poder Executivo
4631;FUNDO DE PAGAMENTO DE PARCERIAS PÚBLICO - PRIVADAS DE MINAS GERAIS - FPP - MG;MG;Poder Executivo
4641;FUNDO DE GARANTIAS DE PARCERIAS PÚBLICO - PRIVADAS DE MINAS GERAIS - FGP - MG;MG;Poder Executivo
4651;FUNDO ESPECIAL DE CRÉDITOS INADIMPLIDOS E DÍVIDA ATIVA - FECIDAT;FECIDAT;Poder Executivo
4661;FUNDO DE ATIVOS IMOBILIÁRIOS DE MINAS GERAIS - FAIMG;FAIMG;Poder Executivo
4671;FUNDO DE INVESTIMENTOS IMOBILIÁRIOS DE MINAS GERAIS - FIIMG;FIIMG;Poder Executivo
4691;FUNDO ESTADUAL DE SEGURANÇA PÚBLICA DE MINAS GERAIS - FESP-MG;FESP-MG;Poder Executivo
4701;FUNDO ESTADUAL DO TRABALHO DE MINAS GERAIS - FET-MG;FET-MG;Poder Executivo
4711;FUNDO FINANCEIRO DE PREVIDÊNCIA DO ESTADO DE MINAS GERAIS - FFP - MG;MG;Poder Executivo
4721;FUNDO ESTADUAL DE PREVIDÊNCIA DO ESTADO DE MINAS GERAIS - FEPREMG;FEPREMG;Poder Executivo
